dataset,task,mechanism,missing_rate,imputer,seed,error
adult,classification,MCAR,0.05,dropna,42,run_single_experiment() got an unexpected keyword argument 'models_subset'
adult,classification,MCAR,0.15,dropna,42,run_single_experiment() got an unexpected keyword argument 'models_subset'
adult,classification,MCAR,0.3,dropna,42,run_single_experiment() got an unexpected keyword argument 'models_subset'
adult,classification,MCAR,0.05,mean,42,run_single_experiment() got an unexpected keyword argument 'models_subset'
adult,classification,MCAR,0.15,mean,42,run_single_experiment() got an unexpected keyword argument 'models_subset'
adult,classification,MCAR,0.3,mean,42,run_single_experiment() got an unexpected keyword argument 'models_subset'
adult,classification,MCAR,0.05,median,42,run_single_experiment() got an unexpected keyword argument 'models_subset'
adult,classification,MCAR,0.15,median,42,run_single_experiment() got an unexpected keyword argument 'models_subset'
adult,classification,MCAR,0.3,median,42,run_single_experiment() got an unexpected keyword argument 'models_subset'
adult,classification,MCAR,0.05,constant,42,run_single_experiment() got an unexpected keyword argument 'models_subset'
adult,classification,MCAR,0.15,constant,42,run_single_experiment() got an unexpected keyword argument 'models_subset'
adult,classification,MCAR,0.3,constant,42,run_single_experiment() got an unexpected keyword argument 'models_subset'
adult,classification,MCAR,0.15,knn_5,42,run_single_experiment() got an unexpected keyword argument 'models_subset'
adult,classification,MCAR,0.3,knn_5,42,run_single_experiment() got an unexpected keyword argument 'models_subset'
adult,classification,MCAR,0.15,iterative,42,run_single_experiment() got an unexpected keyword argument 'models_subset'
adult,classification,MCAR,0.3,iterative,42,run_single_experiment() got an unexpected keyword argument 'models_subset'
adult,classification,MAR,0.05,dropna,42,run_single_experiment() got an unexpected keyword argument 'models_subset'
adult,classification,MAR,0.15,dropna,42,run_single_experiment() got an unexpected keyword argument 'models_subset'
adult,classification,MAR,0.3,dropna,42,run_single_experiment() got an unexpected keyword argument 'models_subset'
adult,classification,MAR,0.05,mean,42,run_single_experiment() got an unexpected keyword argument 'models_subset'
adult,classification,MAR,0.15,mean,42,run_single_experiment() got an unexpected keyword argument 'models_subset'
adult,classification,MAR,0.3,mean,42,run_single_experiment() got an unexpected keyword argument 'models_subset'
adult,classification,MAR,0.05,median,42,run_single_experiment() got an unexpected keyword argument 'models_subset'
adult,classification,MAR,0.15,median,42,run_single_experiment() got an unexpected keyword argument 'models_subset'
adult,classification,MAR,0.3,median,42,run_single_experiment() got an unexpected keyword argument 'models_subset'
adult,classification,MAR,0.05,constant,42,run_single_experiment() got an unexpected keyword argument 'models_subset'
adult,classification,MAR,0.15,constant,42,run_single_experiment() got an unexpected keyword argument 'models_subset'
adult,classification,MAR,0.3,constant,42,run_single_experiment() got an unexpected keyword argument 'models_subset'
adult,classification,MAR,0.15,knn_5,42,run_single_experiment() got an unexpected keyword argument 'models_subset'
adult,classification,MAR,0.3,knn_5,42,run_single_experiment() got an unexpected keyword argument 'models_subset'
adult,classification,MAR,0.15,iterative,42,run_single_experiment() got an unexpected keyword argument 'models_subset'
adult,classification,MAR,0.3,iterative,42,run_single_experiment() got an unexpected keyword argument 'models_subset'
adult,classification,MNAR,0.05,dropna,42,run_single_experiment() got an unexpected keyword argument 'models_subset'
adult,classification,MNAR,0.15,dropna,42,run_single_experiment() got an unexpected keyword argument 'models_subset'
adult,classification,MNAR,0.3,dropna,42,run_single_experiment() got an unexpected keyword argument 'models_subset'
adult,classification,MNAR,0.05,mean,42,run_single_experiment() got an unexpected keyword argument 'models_subset'
adult,classification,MNAR,0.15,mean,42,run_single_experiment() got an unexpected keyword argument 'models_subset'
adult,classification,MNAR,0.3,mean,42,run_single_experiment() got an unexpected keyword argument 'models_subset'
adult,classification,MNAR,0.05,median,42,run_single_experiment() got an unexpected keyword argument 'models_subset'
adult,classification,MNAR,0.15,median,42,run_single_experiment() got an unexpected keyword argument 'models_subset'
adult,classification,MNAR,0.3,median,42,run_single_experiment() got an unexpected keyword argument 'models_subset'
adult,classification,MNAR,0.05,constant,42,run_single_experiment() got an unexpected keyword argument 'models_subset'
adult,classification,MNAR,0.15,constant,42,run_single_experiment() got an unexpected keyword argument 'models_subset'
adult,classification,MNAR,0.3,constant,42,run_single_experiment() got an unexpected keyword argument 'models_subset'
adult,classification,MNAR,0.15,knn_5,42,run_single_experiment() got an unexpected keyword argument 'models_subset'
adult,classification,MNAR,0.3,knn_5,42,run_single_experiment() got an unexpected keyword argument 'models_subset'
adult,classification,MNAR,0.15,iterative,42,run_single_experiment() got an unexpected keyword argument 'models_subset'
adult,classification,MNAR,0.3,iterative,42,run_single_experiment() got an unexpected keyword argument 'models_subset'
